{
  "children_suggested": [],
  "controls": {
    "ar108_auction_week_calendar_baseline_10bps": {
      "activation_fraction": 0.7946979,
      "annualized_return": -0.05934759,
      "annualized_volatility": 0.13494433,
      "max_drawdown": -0.54858822,
      "periods": 1622,
      "positive_day_rate": 0.39642417,
      "sharpe": -0.38599012,
      "total_return": -0.32550821,
      "turnover": {
        "annualized_one_way": 31.84956843,
        "mean_daily": 0.12638718,
        "total": 205.0
      }
    },
    "ar109_real_rate_shock_proxy_10bps": {
      "activation_fraction": 0.72996301,
      "annualized_return": -0.0485909,
      "annualized_volatility": 0.08776616,
      "max_drawdown": -0.28904936,
      "periods": 1622,
      "positive_day_rate": 0.36559803,
      "sharpe": -0.52367035,
      "total_return": -0.27429358,
      "turnover": {
        "annualized_one_way": 96.48088779,
        "mean_daily": 0.38286067,
        "total": 621.0
      }
    },
    "ar123_treasury_payment_day_proxy_10bps": {
      "activation_fraction": 0.1134402,
      "annualized_return": -0.07117531,
      "annualized_volatility": 0.0363885,
      "max_drawdown": -0.3782718,
      "periods": 1622,
      "positive_day_rate": 0.04500617,
      "sharpe": -2.01046305,
      "total_return": -0.37826496,
      "turnover": {
        "annualized_one_way": 43.65721332,
        "mean_daily": 0.17324291,
        "total": 281.0
      }
    },
    "etf_reversal_63d_10bps": {
      "activation_fraction": 0.96115906,
      "annualized_return": -0.0102075,
      "annualized_volatility": 0.09014358,
      "max_drawdown": -0.26025331,
      "periods": 1622,
      "positive_day_rate": 0.48027127,
      "sharpe": -0.06878502,
      "total_return": -0.06390498,
      "turnover": {
        "annualized_one_way": 25.94574599,
        "mean_daily": 0.10295931,
        "total": 167.0
      }
    },
    "etf_tsmom_63d_10bps": {
      "activation_fraction": 0.96115906,
      "annualized_return": -0.0485296,
      "annualized_volatility": 0.09000525,
      "max_drawdown": -0.33884525,
      "periods": 1622,
      "positive_day_rate": 0.46917386,
      "sharpe": -0.50764776,
      "total_return": -0.27399257,
      "turnover": {
        "annualized_one_way": 25.94574599,
        "mean_daily": 0.10295931,
        "total": 167.0
      }
    },
    "ex_coarse_fomc_cpi_payroll_dates_10bps": {
      "activation_fraction": 0.31504316,
      "annualized_return": -0.06351597,
      "annualized_volatility": 0.0614753,
      "max_drawdown": -0.39499533,
      "periods": 1622,
      "positive_day_rate": 0.14549938,
      "sharpe": -1.03658495,
      "total_return": -0.34451622,
      "turnover": {
        "annualized_one_way": 49.56103576,
        "mean_daily": 0.19667078,
        "total": 319.0
      }
    },
    "inverted_signal_10bps": {
      "activation_fraction": 0.40505549,
      "annualized_return": -0.04266305,
      "annualized_volatility": 0.06844126,
      "max_drawdown": -0.28075952,
      "periods": 1622,
      "positive_day_rate": 0.19667078,
      "sharpe": -0.60277114,
      "total_return": -0.24469287,
      "turnover": {
        "annualized_one_way": 46.14303329,
        "mean_daily": 0.18310727,
        "total": 297.0
      }
    },
    "matched_non_auction_days_10bps": {
      "activation_fraction": 0.39519112,
      "annualized_return": -0.0661376,
      "annualized_volatility": 0.06379573,
      "max_drawdown": -0.41485375,
      "periods": 1622,
      "positive_day_rate": 0.18249075,
      "sharpe": -1.04058528,
      "total_return": -0.35623765,
      "turnover": {
        "annualized_one_way": 45.36621455,
        "mean_daily": 0.18002466,
        "total": 292.0
      }
    },
    "shifted_auction_dates_21d_10bps": {
      "activation_fraction": 0.39642417,
      "annualized_return": -0.07872411,
      "annualized_volatility": 0.07136395,
      "max_drawdown": -0.45174924,
      "periods": 1622,
      "positive_day_rate": 0.17632552,
      "sharpe": -1.11316418,
      "total_return": -0.41007871,
      "turnover": {
        "annualized_one_way": 45.05548705,
        "mean_daily": 0.17879162,
        "total": 290.0
      }
    }
  },
  "cost_sensitivity": {
    "10bps": {
      "activation_fraction": 0.40505549,
      "annualized_return": -0.05197724,
      "annualized_volatility": 0.06840636,
      "max_drawdown": -0.34537805,
      "periods": 1622,
      "positive_day_rate": 0.19420469,
      "sharpe": -0.74600738,
      "total_return": -0.29075908,
      "turnover": {
        "annualized_one_way": 46.14303329,
        "mean_daily": 0.18310727,
        "total": 297.0
      }
    },
    "20bps": {
      "activation_fraction": 0.40505549,
      "annualized_return": -0.09479636,
      "annualized_volatility": 0.0692853,
      "max_drawdown": -0.51139168,
      "periods": 1622,
      "positive_day_rate": 0.19112207,
      "sharpe": -1.40252951,
      "total_return": -0.47325894,
      "turnover": {
        "annualized_one_way": 46.14303329,
        "mean_daily": 0.18310727,
        "total": 297.0
      }
    },
    "5bps": {
      "activation_fraction": 0.40505549,
      "annualized_return": -0.0298321,
      "annualized_volatility": 0.06818923,
      "max_drawdown": -0.26795683,
      "periods": 1622,
      "positive_day_rate": 0.19605425,
      "sharpe": -0.41003735,
      "total_return": -0.17711343,
      "turnover": {
        "annualized_one_way": 46.14303329,
        "mean_daily": 0.18310727,
        "total": 297.0
      }
    }
  },
  "coverage_rows": {
    "AGG": 1623,
    "BND": 1623,
    "EDV": 1623,
    "GOVT": 1623,
    "HYG": 1623,
    "IEF": 1623,
    "IEI": 1623,
    "KRE": 1623,
    "LQD": 1623,
    "MBB": 1623,
    "QQQ": 1623,
    "SCHP": 1623,
    "SHY": 1623,
    "SPY": 1623,
    "TIP": 1623,
    "TLT": 1623,
    "XLF": 1623,
    "XLRE": 1623,
    "XLU": 1623,
    "ZROZ": 1623
  },
  "created_at": "2026-06-29T16:28:45Z",
  "decision": "rejected",
  "event_signal_count": 210,
  "issue_id": "AR-148",
  "median_dollar_volume_tail252": {
    "AGG": 808061434.38,
    "BND": 544167348.55,
    "EDV": 66576638.92,
    "GOVT": 145797380.51,
    "HYG": 2973477904.04,
    "IEF": 739304530.6,
    "IEI": 196095205.28,
    "KRE": 993939349.95,
    "LQD": 3299974526.36,
    "MBB": 233749610.11,
    "QQQ": 30332569635.04,
    "SCHP": 87212122.62,
    "SHY": 301438509.89,
    "SPY": 46388932325.03,
    "TIP": 269345985.64,
    "TLT": 2837659758.73,
    "XLF": 2071684544.46,
    "XLRE": 274840117.6,
    "XLU": 954623345.47,
    "ZROZ": 24529326.76
  },
  "model_name": "treasury-auction-result-demand-shock-duration-etf-v1",
  "no_csv_used": true,
  "no_daemon": true,
  "no_data_csv_argument_used": true,
  "no_orders": true,
  "provenance": {
    "entry_rule": "next regular session close; no result timestamp used",
    "market_data": "qfa/AlpacaGateway real daily bars only",
    "no_qfa_data_csv": true,
    "no_wi_tail_claim": true,
    "treasury_source_url": "https://api.fiscaldata.treasury.gov/services/api/fiscal_service/v1/accounting/od/auctions_query"
  },
  "random_windows": [
    {
      "activation_fraction": 0.40674603,
      "annualized_return": -0.12605332,
      "annualized_volatility": 0.06861861,
      "end": "2025-04-17",
      "max_drawdown": -0.2547893,
      "periods": 504,
      "positive_day_rate": 0.17857143,
      "sharpe": -1.92872396,
      "start": "2023-04-14",
      "total_return": -0.2362172,
      "turnover": {
        "annualized_one_way": 43.5,
        "mean_daily": 0.17261905,
        "total": 87.0
      }
    },
    {
      "activation_fraction": 0.43452381,
      "annualized_return": -0.02523165,
      "annualized_volatility": 0.07344902,
      "end": "2022-04-26",
      "max_drawdown": -0.10640503,
      "periods": 504,
      "positive_day_rate": 0.21825397,
      "sharpe": -0.31125248,
      "start": "2020-04-27",
      "total_return": -0.04982666,
      "turnover": {
        "annualized_one_way": 54.5,
        "mean_daily": 0.21626984,