{
  "ablations": {
    "generic_range_no_opex_gate": {
      "activation_rate": 0.3,
      "annualized_return": -0.002053485186639614,
      "annualized_volatility": 0.0382736352310529,
      "event_count": 66,
      "hit_rate": 0.4393939393939394,
      "max_drawdown": -0.09393234898678093,
      "mean_event_return": -0.0010526353529370248,
      "median_event_return": -0.0006016343746572264,
      "p25_event_return": -0.006540561717598926,
      "periods": 1627,
      "sharpe": -0.03458348235050343,
      "turnover_mean": 1.8463054458338937,
      "win_rate": 0.1038721573448064
    },
    "matched_non_opex_fridays": {
      "activation_rate": 0.14285714285714285,
      "annualized_return": 0.0013396600967678918,
      "annualized_volatility": 0.02054713246910346,
      "event_count": 10,
      "hit_rate": 0.6,
      "max_drawdown": -0.05626556125326487,
      "mean_event_return": 0.00010050190539454508,
      "median_event_return": 0.005508117334601876,
      "p25_event_return": -0.005070290269460184,
      "periods": 1627,
      "sharpe": 0.07551891601564127,
      "turnover_mean": 1.802655949289776,
      "win_rate": 0.016594960049170254
    },
    "random_shifted_fridays": {
      "activation_rate": 0.18666666666666668,
      "annualized_return": 0.0035975947433364297,
      "annualized_volatility": 0.019003911379184942,
      "event_count": 14,
      "hit_rate": 0.5,
      "max_drawdown": -0.03856686366977091,
      "mean_event_return": 0.0008430747312057706,
      "median_event_return": 3.019523257008456e-05,
      "p25_event_return": -0.009340852785401928,
      "periods": 1627,
      "sharpe": 0.19844423409364756,
      "turnover_mean": 1.7921779019416049,
      "win_rate": 0.022126613398893668
    },
    "raw_return_no_sector_residualization": {
      "activation_rate": 0.13333333333333333,
      "annualized_return": 0.0032127835060575816,
      "annualized_volatility": 0.02548505350023127,
      "event_count": 10,
      "hit_rate": 0.5,
      "max_drawdown": -0.05898941517731815,
      "mean_event_return": 0.0013718151799687439,
      "median_event_return": -0.0007704336466485783,
      "p25_event_return": -0.007155503578821427,
      "periods": 1627,
      "sharpe": 0.1385092510537922,
      "turnover_mean": 1.8144432913275197,
      "win_rate": 0.016594960049170254
    },
    "reversed_first_post_opex_direction": {
      "activation_rate": 0.14666666666666667,
      "annualized_return": 0.003498343982218932,
      "annualized_volatility": 0.013347548529125619,
      "event_count": 11,
      "hit_rate": 0.5454545454545454,
      "max_drawdown": -0.013527112456596324,
      "mean_event_return": 0.0011957922323244476,
      "median_event_return": 0.0012508689012177897,
      "p25_event_return": -0.003569071509549602,
      "periods": 1627,
      "sharpe": 0.2682935382230642,
      "turnover_mean": 1.812157441522183,
      "win_rate": 0.01782421634910879
    }
  },
  "artifacts": {
    "config_yaml": "/Users/moonk/quant-for-agent/models/single-name-post-opex-range-release-continuation-v1/config.yaml",
    "immutable_run_json": "/Users/moonk/quant-for-agent/models/single-name-post-opex-range-release-continuation-v1/evaluations/runs/ar126_qfa_alpaca_real_20260627T221438Z.json",
    "latest_json": "/Users/moonk/quant-for-agent/models/single-name-post-opex-range-release-continuation-v1/evaluations/latest.json",
    "latest_md": "/Users/moonk/quant-for-agent/models/single-name-post-opex-range-release-continuation-v1/evaluations/latest.md",
    "metadata_yaml": "/Users/moonk/quant-for-agent/models/single-name-post-opex-range-release-continuation-v1/metadata.yaml",
    "model_py": "/Users/moonk/quant-for-agent/models/single-name-post-opex-range-release-continuation-v1/model.py",
    "readme_md": "/Users/moonk/quant-for-agent/models/single-name-post-opex-range-release-continuation-v1/README.md"
  },
  "cost_sensitivity": {
    "10bps": {
      "activation_rate": 0.14666666666666667,
      "annualized_return": -0.0062083458566168925,
      "annualized_volatility": 0.013470527814868545,
      "event_count": 11,
      "hit_rate": 0.2727272727272727,
      "max_drawdown": -0.052187261151173225,
      "mean_event_return": -0.005414028394607723,
      "median_event_return": -0.005547565591326114,
      "p25_event_return": -0.01012808445193128,
      "periods": 1627,
      "sharpe": -0.4555638022054204,
      "turnover_mean": 1.812157441522183,
      "win_rate": 0.014751075599262446
    },
    "20bps": {
      "activation_rate": 0.14666666666666667,
      "annualized_return": -0.007903338936467774,
      "annualized_volatility": 0.013707188230993922,
      "event_count": 11,
      "hit_rate": 0.09090909090909091,
      "max_drawdown": -0.05976572947469849,
      "mean_event_return": -0.008226185836129905,
      "median_event_return": -0.008412030051398327,
      "p25_event_return": -0.012960196762735502,
      "periods": 1627,
      "sharpe": -0.5719943411181772,
      "turnover_mean": 1.812157441522183,
      "win_rate": 0.014751075599262446
    },
    "5bps": {
      "activation_rate": 0.14666666666666667,
      "annualized_return": -0.0053604011867099954,
      "annualized_volatility": 0.013398101661005569,
      "event_count": 11,
      "hit_rate": 0.2727272727272727,
      "max_drawdown": -0.04837802410910774,
      "mean_event_return": -0.0040079496738466315,
      "median_event_return": -0.004115333361290005,
      "p25_event_return": -0.00871202829652917,
      "periods": 1627,
      "sharpe": -0.39444470469866094,
      "turnover_mean": 1.812157441522183,
      "win_rate": 0.015365703749231715
    }
  },
  "created_utc": "2026-06-27T22:14:38.239017+00:00",
  "data_source": "Alpaca real daily OHLCV through qfa AlpacaGateway; credentials loaded transiently from configured paper-data environment and redacted from artifacts.",
  "decision": "rejected",
  "decision_reason": "Primary after-cost median random-window Sharpe is not positive enough and hard placebo/reversal ablations are not convincingly beaten.",
  "issue_id": "AR-126",
  "limitations": [
    "Survivorship bias from static current large-cap universe",
    "No timestamp-safe earnings exclusions available in daily OHLCV-only qfa/Alpaca path",
    "Daily bars cannot observe option open interest, dealer gamma, or closing auction imbalance",
    "No raw bars/equity curves retained by design"
  ],
  "missing_metrics": {
    "capacity_name_level_depth": null,
    "earnings_contamination_exclusion": null,
    "related_model_return_correlations": null
  },
  "model_name": "single-name-post-opex-range-release-continuation-v1",
  "no_csv_used": true,
  "no_daemon": true,
  "no_data_csv_argument_used": true,
  "no_orders": true,
  "opex_calendar": {
    "event_dates_count": 75,
    "standard_monthly_opex": "third Friday calendar; event signal after first trading session following OPEX"
  },
  "orthogonality": {
    "available": false,
    "correlations": {
      "closing-volume-reversal-orthogonalized-megacap-v1": null,
      "etf-opex-rebalance-liquidity-pressure-v1": null,
      "range-compression-breakout-megacap-v1": null
    },
    "note": "No compact aligned return streams found for listed related models without reading retained raw/equity artifacts; metric marked missing."
  },
  "parameters": {
    "confirmation_days": 1,
    "hold_days": 5,
    "min_active_names": 8,
    "norm_days": 60,
    "pre_opex_days": 5,
    "primary_cost_one_way_bps": 5
  },
  "period": {
    "end": "2026-06-26",
    "start": "2020-01-01"
  },
  "primary_metrics": {
    "activation_rate": 0.14666666666666667,
    "annualized_return": -0.0053604011867099954,
    "annualized_volatility": 0.013398101661005569,
    "event_count": 11,
    "hit_rate": 0.2727272727272727,
    "max_drawdown": -0.04837802410910774,
    "mean_event_return": -0.0040079496738466315,
    "median_event_return": -0.004115333361290005,
    "p25_event_return": -0.00871202829652917,
    "periods": 1627,
    "sharpe": -0.39444470469866094,